Tempo,seno,quadrada,cos,exep
0,1,1,2,2
1,0.017950994,1,0.999838868,1.002002001
2,0.035896203,1,0.999355524,1.004008011
3,0.053829843,1,0.998550123,1.006018036
4,0.071746137,1,0.997422925,1.008032086
5,0.089639309,1,0.995974294,1.010050167
6,0.107503594,1,0.994204696,1.012072289
7,0.125333234,1,0.992114701,1.014098459
8,0.143122483,1,0.989704984,1.016128685
9,0.16086561,1,0.98697632,1.018162976
10,0.178556895,1,0.983929589,1.02020134
11,0.196190637,1,0.980565772,1.022243784
12,0.213761155,1,0.976885955,1.024290318
13,0.231262785,1,0.972891322,1.026340948
14,0.248689887,1,0.968583161,1.028395684
15,0.266036846,1,0.963962861,1.030454534
16,0.28329807,1,0.95903191,1.032517505
17,0.300467997,1,0.953791897,1.034584607
18,0.317541095,1,0.948244511,1.036655846
19,0.33451186,1,0.94239154,1.038731233
20,0.351374824,1,0.936234871,1.040810774
21,0.368124553,1,0.929776486,1.042894479
22,0.384755648,1,0.923018468,1.044982355
23,0.40126275,1,0.915962993,1.047074411
24,0.41764054,1,0.908612337,1.049170655
25,0.433883739,1,0.900968868,1.051271096
26,0.449987113,1,0.893035049,1.053375743
27,0.465945472,1,0.884813436,1.055484602
28,0.481753674,1,0.87630668,1.057597684
29,0.497406624,1,0.867517522,1.059714996
30,0.512899277,1,0.858448794,1.061836547
31,0.528226642,1,0.849103418,1.063962345
32,0.543383778,1,0.839484407,1.066092399
33,0.558365801,1,0.829594861,1.068226717
34,0.573167882,1,0.819437965,1.070365308
35,0.587785252,1,0.809016994,1.072508181
36,0.6022132,1,0.798335306,1.074655344
37,0.616447077,1,0.787396344,1.076806805
38,0.630482294,1,0.776203631,1.078962574
39,0.64431433,1,0.764760776,1.081122659
40,0.657938726,1,0.753071466,1.083287068
41,0.671351092,1,0.741139468,1.08545581
42,0.684547106,1,0.728968627,1.087628894
43,0.697522515,1,0.716562866,1.089806328
44,0.710273137,1,0.703926183,1.091988122
45,0.722794864,1,0.691062649,1.094174284
46,0.73508366,1,0.677976411,1.096364822
47,0.747135565,1,0.664671685,1.098559746
48,0.758946694,1,0.651152759,1.100759064
49,0.770513243,1,0.63742399,1.102962785
50,0.781831482,1,0.623489802,1.105170918
51,0.792897766,1,0.609354686,1.107383472
52,0.803708527,1,0.595023196,1.109600455
53,0.814260281,1,0.580499952,1.111821877
54,0.824549629,1,0.565789634,1.114047745
55,0.834573254,1,0.550896981,1.11627807
56,0.844327926,1,0.535826795,1.118512861
57,0.853810501,1,0.520583931,1.120752125
58,0.863017923,1,0.505173301,1.122995872
59,0.871947226,1,0.489599872,1.125244111
60,0.880595532,1,0.473868662,1.127496852
61,0.888960053,1,0.457984742,1.129754102
62,0.897038094,1,0.44195323,1.132015871
63,0.904827052,1,0.425779292,1.134282168
64,0.912324417,1,0.40946814,1.136553003
65,0.919527773,1,0.393025032,1.138828383
66,0.926434797,1,0.376455265,1.141108319
67,0.933043265,1,0.359764181,1.14339282
68,0.939351046,1,0.342957158,1.145681894
69,0.945356108,1,0.326039611,1.14797555
70,0.951056516,1,0.309016994,1.150273799
71,0.956450433,1,0.291894792,1.152576649
72,0.96153612,1,0.274678523,1.154884109
73,0.966311938,1,0.257373734,1.157196188
74,0.970776348,1,0.239986004,1.159512896
75,0.974927912,1,0.222520934,1.161834243
76,0.978765292,1,0.204984154,1.164160236
77,0.982287251,1,0.187381315,1.166490887
78,0.985492654,1,0.169718089,1.168826203
79,0.988380467,1,0.15200017,1.171166195
80,0.990949762,1,0.134233266,1.173510871
81,0.993199709,1,0.116423104,1.175860241
82,0.995129583,1,0.098575422,1.178214315
83,0.996738762,1,0.080695974,1.180573102
84,0.998026728,1,0.06279052,1.182936611
85,0.998993067,1,0.04486483,1.185304851
86,0.999637465,1,0.026924683,1.187677833
87,0.999959716,1,0.008975858,1.190055566
88,0.999959716,1,-0.008975858,1.192438059
89,0.999637465,1,-0.026924683,1.194825321
90,0.998993067,1,-0.04486483,1.197217363
91,0.998026728,1,-0.06279052,1.199614194
92,0.996738762,1,-0.080695974,1.202015823
93,0.995129583,1,-0.098575422,1.20442226
94,0.993199709,1,-0.116423104,1.206833515
95,0.990949762,1,-0.134233266,1.209249598
96,0.988380467,1,-0.15200017,1.211670517
97,0.985492654,1,-0.169718089,1.214096283
98,0.982287251,1,-0.187381315,1.216526905
99,0.978765292,1,-0.204984154,1.218962394
100,0.974927912,1,-0.222520934,1.221402758
101,0.970776348,1,-0.239986004,1.223848008
102,0.966311938,1,-0.257373734,1.226298153
103,0.96153612,1,-0.274678523,1.228753204
104,0.956450433,1,-0.291894792,1.23121317
105,0.951056516,1,-0.309016994,1.23367806
106,0.945356108,1,-0.326039611,1.236147885
107,0.939351046,1,-0.342957158,1.238622655
108,0.933043265,1,-0.359764181,1.241102379
109,0.926434797,1,-0.376455265,1.243587068
110,0.919527773,1,-0.393025032,1.246076731
111,0.912324417,-1,-0.40946814,1.248571378
112,0.904827052,-1,-0.425779292,1.251071019
113,0.897038094,-1,-0.44195323,1.253575665
114,0.888960053,-1,-0.457984742,1.256085325
115,0.880595532,-1,-0.473868662,1.25860001
116,0.871947226,-1,-0.489599872,1.261119729
117,0.863017923,-1,-0.505173301,1.263644492
118,0.853810501,-1,-0.520583931,1.26617431
119,0.844327926,-1,-0.535826795,1.268709193
120,0.834573254,-1,-0.550896981,1.27124915
121,0.824549629,-1,-0.565789634,1.273794193
122,0.814260281,-1,-0.580499952,1.27634433
123,0.803708527,-1,-0.595023196,1.278899574
124,0.792897766,-1,-0.609354686,1.281459932
125,0.781831482,-1,-0.623489802,1.284025417
126,0.770513243,-1,-0.63742399,1.286596037
127,0.758946694,-1,-0.651152759,1.289171804
128,0.747135565,-1,-0.664671685,1.291752728
129,0.73508366,-1,-0.677976411,1.294338819
130,0.722794864,-1,-0.691062649,1.296930087
131,0.710273137,-1,-0.703926183,1.299526542
132,0.697522515,-1,-0.716562866,1.302128196
133,0.684547106,-1,-0.728968627,1.304735059
134,0.671351092,-1,-0.741139468,1.30734714
135,0.657938726,-1,-0.753071466,1.309964451
136,0.64431433,-1,-0.764760776,1.312587001
137,0.630482294,-1,-0.776203631,1.315214802
138,0.616447077,-1,-0.787396344,1.317847864
139,0.6022132,-1,-0.798335306,1.320486197
140,0.587785252,-1,-0.809016994,1.323129812
141,0.573167882,-1,-0.819437965,1.32577872
142,0.558365801,-1,-0.829594861,1.328432931
143,0.543383778,-1,-0.839484407,1.331092455
144,0.528226642,-1,-0.849103418,1.333757304
145,0.512899277,-1,-0.858448794,1.336427488
146,0.497406624,-1,-0.867517522,1.339103018
147,0.481753674,-1,-0.87630668,1.341783904
148,0.465945472,-1,-0.884813436,1.344470157
149,0.449987113,-1,-0.893035049,1.347161788
150,0.433883739,-1,-0.900968868,1.349858808
151,0.41764054,-1,-0.908612337,1.352561227
152,0.40126275,-1,-0.915962993,1.355269056
153,0.384755648,-1,-0.923018468,1.357982307
154,0.368124553,-1,-0.929776486,1.360700989
155,0.351374824,-1,-0.936234871,1.363425114
156,0.33451186,-1,-0.94239154,1.366154693
157,0.317541095,-1,-0.948244511,1.368889737
158,0.300467997,-1,-0.953791897,1.371630256
159,0.28329807,-1,-0.95903191,1.374376261
160,0.266036846,-1,-0.963962861,1.377127764
161,0.248689887,-1,-0.968583161,1.379884776
162,0.231262785,-1,-0.972891322,1.382647307
163,0.213761155,-1,-0.976885955,1.385415369
164,0.196190637,-1,-0.980565772,1.388188972
165,0.178556895,-1,-0.983929589,1.390968128
166,0.16086561,-1,-0.98697632,1.393752849
167,0.143122483,-1,-0.989704984,1.396543144
168,0.125333234,-1,-0.992114701,1.399339025
169,0.107503594,-1,-0.994204696,1.402140503
170,0.089639309,-1,-0.995974294,1.404947591
171,0.071746137,-1,-0.997422925,1.407760298
172,0.053829843,-1,-0.998550123,1.410578636
173,0.035896203,-1,-0.999355524,1.413402616
174,0.017950994,-1,-0.999838868,1.41623225
175,5.66604E-16,-1,-1,1.419067549
176,-0.017950994,-1,-0.999838868,1.421908524
177,-0.035896203,-1,-0.999355524,1.424755186
178,-0.053829843,-1,-0.998550123,1.427607548
179,-0.071746137,-1,-0.997422925,1.43046562
180,-0.089639309,-1,-0.995974294,1.433329415
181,-0.107503594,-1,-0.994204696,1.436198942
182,-0.125333234,-1,-0.992114701,1.439074214
183,-0.143122483,-1,-0.989704984,1.441955243
184,-0.16086561,-1,-0.98697632,1.444842039
185,-0.178556895,-1,-0.983929589,1.447734615
186,-0.196190637,-1,-0.980565772,1.450632981
187,-0.213761155,-1,-0.976885955,1.45353715
188,-0.231262785,-1,-0.972891322,1.456447134
189,-0.248689887,-1,-0.968583161,1.459362943
190,-0.266036846,-1,-0.963962861,1.462284589
191,-0.28329807,-1,-0.95903191,1.465212085
192,-0.300467997,-1,-0.953791897,1.468145442
193,-0.317541095,-1,-0.948244511,1.471084671
194,-0.33451186,-1,-0.94239154,1.474029784
195,-0.351374824,-1,-0.936234871,1.476980794
196,-0.368124553,-1,-0.929776486,1.479937711
197,-0.384755648,-1,-0.923018468,1.482900549
198,-0.40126275,-1,-0.915962993,1.485869318
199,-0.41764054,-1,-0.908612337,1.48884403
200,-0.433883739,-1,-0.900968868,1.491824698
201,-0.449987113,-1,-0.893035049,1.494811333
202,-0.465945472,-1,-0.884813436,1.497803947
203,-0.481753674,-1,-0.87630668,1.500802552
204,-0.497406624,-1,-0.867517522,1.503807161
205,-0.512899277,-1,-0.858448794,1.506817785
206,-0.528226642,-1,-0.849103418,1.509834436
207,-0.543383778,-1,-0.839484407,1.512857127
208,-0.558365801,-1,-0.829594861,1.515885869
209,-0.573167882,-1,-0.819437965,1.518920674
210,-0.587785252,-1,-0.809016994,1.521961556
211,-0.6022132,-1,-0.798335306,1.525008525
212,-0.616447077,-1,-0.787396344,1.528061594
213,-0.630482294,-1,-0.776203631,1.531120775
214,-0.64431433,-1,-0.764760776,1.534186081
215,-0.657938726,-1,-0.753071466,1.537257524
216,-0.671351092,-1,-0.741139468,1.540335115
217,-0.684547106,-1,-0.728968627,1.543418868
218,-0.697522515,-1,-0.716562866,1.546508795
219,-0.710273137,-1,-0.703926183,1.549604907
220,-0.722794864,-1,-0.691062649,1.552707219
221,-0.73508366,-1,-0.677976411,1.55581574
222,-0.747135565,-1,-0.664671685,1.558930486
223,-0.758946694,-1,-0.651152759,1.562051467
224,-0.770513243,-1,-0.63742399,1.565178696
225,-0.781831482,-1,-0.623489802,1.568312185
226,-0.792897766,-1,-0.609354686,1.571451949
227,-0.803708527,-1,-0.595023196,1.574597997
228,-0.814260281,-1,-0.580499952,1.577750345
229,-0.824549629,-1,-0.565789634,1.580909003
230,-0.834573254,-1,-0.550896981,1.584073985
231,-0.844327926,-1,-0.535826795,1.587245303
232,-0.853810501,-1,-0.520583931,1.59042297
233,-0.863017923,-1,-0.505173301,1.593606999
234,-0.871947226,-1,-0.489599872,1.596797403
235,-0.880595532,-1,-0.473868662,1.599994193
236,-0.888960053,1,-0.457984742,1.603197384
237,-0.897038094,1,-0.44195323,1.606406987
238,-0.904827052,1,-0.425779292,1.609623016
239,-0.912324417,1,-0.40946814,1.612845483
240,-0.919527773,1,-0.393025032,1.616074402
241,-0.926434797,1,-0.376455265,1.619309785
242,-0.933043265,1,-0.359764181,1.622551646
243,-0.939351046,1,-0.342957158,1.625799996
244,-0.945356108,1,-0.326039611,1.62905485
245,-0.951056516,1,-0.309016994,1.63231622
246,-0.956450433,1,-0.291894792,1.635584119
247,-0.96153612,1,-0.274678523,1.638858561
248,-0.966311938,1,-0.257373734,1.642139558
249,-0.970776348,1,-0.239986004,1.645427123
250,-0.974927912,1,-0.222520934,1.648721271
251,-0.978765292,1,-0.204984154,1.652022013
252,-0.982287251,1,-0.187381315,1.655329363
253,-0.985492654,1,-0.169718089,1.658643335
254,-0.988380467,1,-0.15200017,1.661963941
255,-0.990949762,1,-0.134233266,1.665291195
256,-0.993199709,1,-0.116423104,1.66862511
257,-0.995129583,1,-0.098575422,1.6719657
258,-0.996738762,1,-0.080695974,1.675312977
259,-0.998026728,1,-0.06279052,1.678666956
260,-0.998993067,1,-0.04486483,1.68202765
261,-0.999637465,1,-0.026924683,1.685395071
262,-0.999959716,1,-0.008975858,1.688769234
263,-0.999959716,1,0.008975858,1.692150153
264,-0.999637465,1,0.026924683,1.69553784
265,-0.998993067,1,0.04486483,1.698932309
266,-0.998026728,1,0.06279052,1.702333573
267,-0.996738762,1,0.080695974,1.705741647
268,-0.995129583,1,0.098575422,1.709156545
269,-0.993199709,1,0.116423104,1.712578278
270,-0.990949762,1,0.134233266,1.716006862
271,-0.988380467,1,0.15200017,1.71944231
272,-0.985492654,1,0.169718089,1.722884636
273,-0.982287251,1,0.187381315,1.726333853
274,-0.978765292,1,0.204984154,1.729789976
275,-0.974927912,1,0.222520934,1.733253018
276,-0.970776348,1,0.239986004,1.736722993
277,-0.966311938,1,0.257373734,1.740199914
278,-0.96153612,1,0.274678523,1.743683797
279,-0.956450433,1,0.291894792,1.747174654
280,-0.951056516,1,0.309016994,1.7506725
281,-0.945356108,1,0.326039611,1.754177349
282,-0.939351046,1,0.342957158,1.757689214
283,-0.933043265,1,0.359764181,1.761208111
284,-0.926434797,1,0.376455265,1.764734052
285,-0.919527773,1,0.393025032,1.768267051
286,-0.912324417,1,0.40946814,1.771807124
287,-0.904827052,1,0.425779292,1.775354285
288,-0.897038094,1,0.44195323,1.778908546
289,-0.888960053,1,0.457984742,1.782469924
290,-0.880595532,1,0.473868662,1.786038431
291,-0.871947226,1,0.489599872,1.789614082
292,-0.863017923,1,0.505173301,1.793196892
293,-0.853810501,1,0.520583931,1.796786874
294,-0.844327926,1,0.535826795,1.800384044
295,-0.834573254,1,0.550896981,1.803988415
296,-0.824549629,1,0.565789634,1.807600003
297,-0.814260281,1,0.580499952,1.81121882
298,-0.803708527,1,0.595023196,1.814844883
299,-0.792897766,1,0.609354686,1.818478205
300,-0.781831482,1,0.623489802,1.8221188
301,-0.770513243,1,0.63742399,1.825766685
302,-0.758946694,1,0.651152759,1.829421872
303,-0.747135565,1,0.664671685,1.833084377
304,-0.73508366,1,0.677976411,1.836754214
305,-0.722794864,1,0.691062649,1.840431399
306,-0.710273137,1,0.703926183,1.844115945
307,-0.697522515,1,0.716562866,1.847807867
308,-0.684547106,1,0.728968627,1.851507181
309,-0.671351092,1,0.741139468,1.855213901
310,-0.657938726,1,0.753071466,1.858928042
311,-0.64431433,1,0.764760776,1.862649618
312,-0.630482294,1,0.776203631,1.866378645
313,-0.616447077,1,0.787396344,1.870115138
314,-0.6022132,1,0.798335306,1.873859111
315,-0.587785252,1,0.809016994,1.877610579
316,-0.573167882,1,0.819437965,1.881369558
317,-0.558365801,1,0.829594861,1.885136063
318,-0.543383778,1,0.839484407,1.888910107
319,-0.528226642,1,0.849103418,1.892691708
320,-0.512899277,1,0.858448794,1.896480879
321,-0.497406624,1,0.867517522,1.900277637
322,-0.481753674,1,0.87630668,1.904081995
323,-0.465945472,1,0.884813436,1.90789397
324,-0.449987113,1,0.893035049,1.911713576
325,-0.433883739,1,0.900968868,1.915540829
326,-0.41764054,1,0.908612337,1.919375744
327,-0.40126275,1,0.915962993,1.923218337
328,-0.384755648,1,0.923018468,1.927068623
329,-0.368124553,1,0.929776486,1.930926617
330,-0.351374824,1,0.936234871,1.934792334
331,-0.33451186,1,0.94239154,1.938665791
332,-0.317541095,1,0.948244511,1.942547003
333,-0.300467997,1,0.953791897,1.946435984
334,-0.28329807,1,0.95903191,1.950332752
335,-0.266036846,1,0.963962861,1.954237321
336,-0.248689887,1,0.968583161,1.958149706
337,-0.231262785,1,0.972891322,1.962069925
338,-0.213761155,1,0.976885955,1.965997991
339,-0.196190637,1,0.980565772,1.969933922
340,-0.178556895,1,0.983929589,1.973877732
341,-0.16086561,1,0.98697632,1.977829438
342,-0.143122483,1,0.989704984,1.981789055
343,-0.125333234,1,0.992114701,1.9857566
344,-0.107503594,1,0.994204696,1.989732087
345,-0.089639309,1,0.995974294,1.993715533
346,-0.071746137,-1,0.997422925,1.997706954
347,-0.053829843,-1,0.998550123,2.001706366
348,-0.035896203,-1,0.999355524,2.005713785
349,-0.017950994,-1,0.999838868,2.009729227
350,-1.13321E-15,-1,1,2.013752707
351,0.017950994,-1,0.999838868,2.017784243
352,0.035896203,-1,0.999355524,2.02182385
353,0.053829843,-1,0.998550123,2.025871544
354,0.071746137,-1,0.997422925,2.029927341
355,0.089639309,-1,0.995974294,2.033991259
356,0.107503594,-1,0.994204696,2.038063312
357,0.125333234,-1,0.992114701,2.042143517
358,0.143122483,-1,0.989704984,2.046231891
359,0.16086561,-1,0.98697632,2.05032845
360,0.178556895,-1,0.983929589,2.054433211
361,0.196190637,-1,0.980565772,2.058546189
362,0.213761155,-1,0.976885955,2.062667401
363,0.231262785,-1,0.972891322,2.066796864
364,0.248689887,-1,0.968583161,2.070934594
365,0.266036846,-1,0.963962861,2.075080608
366,0.28329807,-1,0.95903191,2.079234922
367,0.300467997,-1,0.953791897,2.083397553
368,0.317541095,-1,0.948244511,2.087568518
369,0.33451186,-1,0.94239154,2.091747833
370,0.351374824,-1,0.936234871,2.095935514
371,0.368124553,-1,0.929776486,2.10013158
372,0.384755648,-1,0.923018468,2.104336046
373,0.40126275,-1,0.915962993,2.10854893
374,0.41764054,-1,0.908612337,2.112770248
375,0.433883739,-1,0.900968868,2.117000017
376,0.449987113,-1,0.893035049,2.121238253
377,0.465945472,-1,0.884813436,2.125484975
378,0.481753674,-1,0.87630668,2.129740199
379,0.497406624,-1,0.867517522,2.134003942
380,0.512899277,-1,0.858448794,2.13827622
381,0.528226642,-1,0.849103418,2.142557052
382,0.543383778,-1,0.839484407,2.146846454
383,0.558365801,-1,0.829594861,2.151144444
384,0.573167882,-1,0.819437965,2.155451038
385,0.587785252,-1,0.809016994,2.159766254
386,0.6022132,-1,0.798335306,2.164090109
387,0.616447077,-1,0.787396344,2.16842262
388,0.630482294,-1,0.776203631,2.172763805
389,0.64431433,-1,0.764760776,2.177113681
390,0.657938726,-1,0.753071466,2.181472265
391,0.671351092,-1,0.741139468,2.185839576
392,0.684547106,-1,0.728968627,2.19021563
393,0.697522515,-1,0.716562866,2.194600444
394,0.710273137,-1,0.703926183,2.198994037
395,0.722794864,-1,0.691062649,2.203396426
396,0.73508366,-1,0.677976411,2.207807629
397,0.747135565,-1,0.664671685,2.212227663
398,0.758946694,-1,0.651152759,2.216656545
399,0.770513243,-1,0.63742399,2.221094295
400,0.781831482,-1,0.623489802,2.225540928
401,0.792897766,-1,0.609354686,2.229996464
402,0.803708527,-1,0.595023196,2.23446092
403,0.814260281,-1,0.580499952,2.238934314
404,0.824549629,-1,0.565789634,2.243416664
405,0.834573254,-1,0.550896981,2.247907987
406,0.844327926,-1,0.535826795,2.252408301
407,0.853810501,-1,0.520583931,2.256917626
408,0.863017923,-1,0.505173301,2.261435978
409,0.871947226,-1,0.489599872,2.265963376
410,0.880595532,-1,0.473868662,2.270499838
411,0.888960053,-1,0.457984742,2.275045381
412,0.897038094,-1,0.44195323,2.279600025
413,0.904827052,-1,0.425779292,2.284163787
414,0.912324417,-1,0.40946814,2.288736686
415,0.919527773,-1,0.393025032,2.29331874
416,0.926434797,-1,0.376455265,2.297909967
417,0.933043265,-1,0.359764181,2.302510386
418,0.939351046,-1,0.342957158,2.307120015
419,0.945356108,-1,0.326039611,2.311738872
420,0.951056516,-1,0.309016994,2.316366977
421,0.956450433,-1,0.291894792,2.321004347
422,0.96153612,-1,0.274678523,2.325651
423,0.966311938,-1,0.257373734,2.330306957
424,0.970776348,-1,0.239986004,2.334972234
425,0.974927912,-1,0.222520934,2.339646852
426,0.978765292,-1,0.204984154,2.344330828
427,0.982287251,-1,0.187381315,2.349024181
428,0.985492654,-1,0.169718089,2.353726931
429,0.988380467,-1,0.15200017,2.358439095
430,0.990949762,-1,0.134233266,2.363160694
431,0.993199709,-1,0.116423104,2.367891745
432,0.995129583,-1,0.098575422,2.372632267
433,0.996738762,-1,0.080695974,2.37738228
434,0.998026728,-1,0.06279052,2.382141802
435,0.998993067,-1,0.04486483,2.386910854
436,0.999637465,-1,0.026924683,2.391689452
437,0.999959716,-1,0.008975858,2.396477618
438,0.999959716,-1,-0.008975858,2.401275369
439,0.999637465,-1,-0.026924683,2.406082726
440,0.998993067,-1,-0.04486483,2.410899706
441,0.998026728,-1,-0.06279052,2.415726331
442,0.996738762,-1,-0.080695974,2.420562618
443,0.995129583,-1,-0.098575422,2.425408588
444,0.993199709,-1,-0.116423104,2.430264259
445,0.990949762,-1,-0.134233266,2.435129651
446,0.988380467,-1,-0.15200017,2.440004784
447,0.985492654,-1,-0.169718089,2.444889677
448,0.982287251,-1,-0.187381315,2.449784349
449,0.978765292,-1,-0.204984154,2.454688821
450,0.974927912,-1,-0.222520934,2.459603111
451,0.970776348,-1,-0.239986004,2.46452724
452,0.966311938,-1,-0.257373734,2.469461227
453,0.96153612,-1,-0.274678523,2.474405091
454,0.956450433,-1,-0.291894792,2.479358854
455,0.951056516,-1,-0.309016994,2.484322533
456,0.945356108,-1,-0.326039611,2.48929615
457,0.939351046,-1,-0.342957158,2.494279725
458,0.933043265,-1,-0.359764181,2.499273276
459,0.926434797,-1,-0.376455265,2.504276824
460,0.919527773,-1,-0.393025032,2.50929039
461,0.912324417,-1,-0.40946814,2.514313993
462,0.904827052,-1,-0.425779292,2.519347653
463,0.897038094,-1,-0.44195323,2.52439139
464,0.888960053,-1,-0.457984742,2.529445225
465,0.880595532,-1,-0.473868662,2.534509178
466,0.871947226,-1,-0.489599872,2.539583268
467,0.863017923,-1,-0.505173301,2.544667517
468,0.853810501,-1,-0.520583931,2.549761945
469,0.844327926,-1,-0.535826795,2.554866572
470,0.834573254,-1,-0.550896981,2.559981418
471,0.824549629,1,-0.565789634,2.565106505
472,0.814260281,1,-0.580499952,2.570241851
473,0.803708527,1,-0.595023196,2.575387479
474,0.792897766,1,-0.609354686,2.580543408
475,0.781831482,1,-0.623489802,2.585709659
476,0.770513243,1,-0.63742399,2.590886254
477,0.758946694,1,-0.651152759,2.596073211
478,0.747135565,1,-0.664671685,2.601270553
479,0.73508366,1,-0.677976411,2.6064783
480,0.722794864,1,-0.691062649,2.611696473
481,0.710273137,1,-0.703926183,2.616925093
482,0.697522515,1,-0.716562866,2.622164181
483,0.684547106,1,-0.728968627,2.627413757
484,0.671351092,1,-0.741139468,2.632673843
485,0.657938726,1,-0.753071466,2.637944459
486,0.64431433,1,-0.764760776,2.643225628
487,0.630482294,1,-0.776203631,2.648517369
488,0.616447077,1,-0.787396344,2.653819704
489,0.6022132,1,-0.798335306,2.659132655
490,0.587785252,1,-0.809016994,2.664456242
491,0.573167882,1,-0.819437965,2.669790487
492,0.558365801,1,-0.829594861,2.675135411
493,0.543383778,1,-0.839484407,2.680491036
494,0.528226642,1,-0.849103418,2.685857382
495,0.512899277,1,-0.858448794,2.691234472
496,0.497406624,1,-0.867517522,2.696622327
497,0.481753674,1,-0.87630668,2.702020969
498,0.465945472,1,-0.884813436,2.707430418
499,0.449987113,1,-0.893035049,2.712850698
500,0.433883739,1,-0.900968868,2.718281828
501,0.41764054,1,-0.908612337,2.723723832
502,0.40126275,1,-0.915962993,2.729176731
503,0.384755648,1,-0.923018468,2.734640547
504,0.368124553,1,-0.929776486,2.740115301
505,0.351374824,1,-0.936234871,2.745601015
506,0.33451186,1,-0.94239154,2.751097712
507,0.317541095,1,-0.948244511,2.756605413
508,0.300467997,1,-0.953791897,2.762124141
509,0.28329807,1,-0.95903191,2.767653917
510,0.266036846,1,-0.963962861,2.773194764
511,0.248689887,1,-0.968583161,2.778746704
512,0.231262785,1,-0.972891322,2.784309758
513,0.213761155,1,-0.976885955,2.78988395
514,0.196190637,1,-0.980565772,2.795469301
515,0.178556895,1,-0.983929589,2.801065835
516,0.16086561,1,-0.98697632,2.806673572
517,0.143122483,1,-0.989704984,2.812292536
518,0.125333234,1,-0.992114701,2.81792275
519,0.107503594,1,-0.994204696,2.823564235
520,0.089639309,1,-0.995974294,2.829217014
521,0.071746137,1,-0.997422925,2.834881111
522,0.053829843,1,-0.998550123,2.840556546
523,0.035896203,1,-0.999355524,2.846243344
524,0.017950994,1,-0.999838868,2.851941527
525,3.67545E-16,1,-1,2.857651118
526,-0.017950994,1,-0.999838868,2.863372139
527,-0.035896203,1,-0.999355524,2.869104614
528,-0.053829843,1,-0.998550123,2.874848566
529,-0.071746137,1,-0.997422925,2.880604016
530,-0.089639309,1,-0.995974294,2.886370989
531,-0.107503594,1,-0.994204696,2.892149508
532,-0.125333234,1,-0.992114701,2.897939595
533,-0.143122483,1,-0.989704984,2.903741274
534,-0.16086561,1,-0.98697632,2.909554568
535,-0.178556895,1,-0.983929589,2.9153795
536,-0.196190637,1,-0.980565772,2.921216094
537,-0.213761155,1,-0.976885955,2.927064372
538,-0.231262785,1,-0.972891322,2.932924359
539,-0.248689887,1,-0.968583161,2.938796077
540,-0.266036846,1,-0.963962861,2.944679551
541,-0.28329807,1,-0.95903191,2.950574803
542,-0.300467997,1,-0.953791897,2.956481858
543,-0.317541095,1,-0.948244511,2.962400739
544,-0.33451186,1,-0.94239154,2.968331469
545,-0.351374824,1,-0.936234871,2.974274073
546,-0.368124553,1,-0.929776486,2.980228573
547,-0.384755648,1,-0.923018468,2.986194995
548,-0.40126275,1,-0.915962993,2.992173361
549,-0.41764054,1,-0.908612337,2.998163696
550,-0.433883739,1,-0.900968868,3.004166024
551,-0.449987113,1,-0.893035049,3.010180368
552,-0.465945472,1,-0.884813436,3.016206753
553,-0.481753674,1,-0.87630668,3.022245203
554,-0.497406624,1,-0.867517522,3.028295742
555,-0.512899277,1,-0.858448794,3.034358394
556,-0.528226642,1,-0.849103418,3.040433184
557,-0.543383778,1,-0.839484407,3.046520135
558,-0.558365801,1,-0.829594861,3.052619273
559,-0.573167882,1,-0.819437965,3.058730621
560,-0.587785252,1,-0.809016994,3.064854203
561,-0.6022132,1,-0.798335306,3.070990045
562,-0.616447077,1,-0.787396344,3.077138172
563,-0.630482294,1,-0.776203631,3.083298606
564,-0.64431433,1,-0.764760776,3.089471374
565,-0.657938726,1,-0.753071466,3.0956565
566,-0.671351092,1,-0.741139468,3.101854009
567,-0.684547106,1,-0.728968627,3.108063924
568,-0.697522515,1,-0.716562866,3.114286273
569,-0.710273137,1,-0.703926183,3.120521078
570,-0.722794864,1,-0.691062649,3.126768365
571,-0.73508366,1,-0.677976411,3.13302816
572,-0.747135565,1,-0.664671685,3.139300486
573,-0.758946694,1,-0.651152759,3.14558537
574,-0.770513243,1,-0.63742399,3.151882836
575,-0.781831482,1,-0.623489802,3.15819291
576,-0.792897766,1,-0.609354686,3.164515616
577,-0.803708527,1,-0.595023196,3.170850981
578,-0.814260281,1,-0.580499952,3.177199028
579,-0.824549629,1,-0.565789634,3.183559785
580,-0.834573254,1,-0.550896981,3.189933276
581,-0.844327926,-1,-0.535826795,3.196319527
582,-0.853810501,-1,-0.520583931,3.202718563
583,-0.863017923,-1,-0.505173301,3.20913041
584,-0.871947226,-1,-0.489599872,3.215555093
585,-0.880595532,-1,-0.473868662,3.221992639
586,-0.888960053,-1,-0.457984742,3.228443072
587,-0.897038094,-1,-0.44195323,3.234906419
588,-0.904827052,-1,-0.425779292,3.241382706
589,-0.912324417,-1,-0.40946814,3.247871959
590,-0.919527773,-1,-0.393025032,3.254374203
591,-0.926434797,-1,-0.376455265,3.260889464
592,-0.933043265,-1,-0.359764181,3.267417769
593,-0.939351046,-1,-0.342957158,3.273959144
594,-0.945356108,-1,-0.326039611,3.280513615
595,-0.951056516,-1,-0.309016994,3.287081207
596,-0.956450433,-1,-0.291894792,3.293661948
597,-0.96153612,-1,-0.274678523,3.300255864
598,-0.966311938,-1,-0.257373734,3.306862981
599,-0.970776348,-1,-0.239986004,3.313483325
600,-0.974927912,-1,-0.222520934,3.320116923
601,-0.978765292,-1,-0.204984154,3.326763801
602,-0.982287251,-1,-0.187381315,3.333423987
603,-0.985492654,-1,-0.169718089,3.340097506
604,-0.988380467,-1,-0.15200017,3.346784386
605,-0.990949762,-1,-0.134233266,3.353484653
606,-0.993199709,-1,-0.116423104,3.360198333
607,-0.995129583,-1,-0.098575422,3.366925455
608,-0.996738762,-1,-0.080695974,3.373666044
609,-0.998026728,-1,-0.06279052,3.380420128
610,-0.998993067,-1,-0.04486483,3.387187734
611,-0.999637465,-1,-0.026924683,3.393968888
612,-0.999959716,-1,-0.008975858,3.400763618
613,-0.999959716,-1,0.008975858,3.407571952
614,-0.999637465,-1,0.026924683,3.414393915
615,-0.998993067,-1,0.04486483,3.421229536
616,-0.998026728,-1,0.06279052,3.428078842
617,-0.996738762,-1,0.080695974,3.434941861
618,-0.995129583,-1,0.098575422,3.441818619
619,-0.993199709,-1,0.116423104,3.448709144
620,-0.990949762,-1,0.134233266,3.455613465
621,-0.988380467,-1,0.15200017,3.462531608
622,-0.985492654,-1,0.169718089,3.4694636
623,-0.982287251,-1,0.187381315,3.476409471
624,-0.978765292,-1,0.204984154,3.483369248
625,-0.974927912,-1,0.222520934,3.490342957
626,-0.970776348,-1,0.239986004,3.497330629
627,-0.966311938,-1,0.257373734,3.504332289
628,-0.96153612,-1,0.274678523,3.511347967
629,-0.956450433,-1,0.291894792,3.518377691
630,-0.951056516,-1,0.309016994,3.525421487
631,-0.945356108,-1,0.326039611,3.532479386
632,-0.939351046,-1,0.342957158,3.539551414
633,-0.933043265,-1,0.359764181,3.546637601
634,-0.926434797,-1,0.376455265,3.553737974
635,-0.919527773,-1,0.393025032,3.560852562
636,-0.912324417,-1,0.40946814,3.567981394
637,-0.904827052,-1,0.425779292,3.575124497
638,-0.897038094,-1,0.44195323,3.582281901
639,-0.888960053,-1,0.457984742,3.589453635
640,-0.880595532,-1,0.473868662,3.596639726
641,-0.871947226,-1,0.489599872,3.603840203
642,-0.863017923,-1,0.505173301,3.611055096
643,-0.853810501,-1,0.520583931,3.618284433
644,-0.844327926,-1,0.535826795,3.625528243
645,-0.834573254,-1,0.550896981,3.632786556
646,-0.824549629,-1,0.565789634,3.640059399
647,-0.814260281,-1,0.580499952,3.647346803
648,-0.803708527,-1,0.595023196,3.654648796
649,-0.792897766,-1,0.609354686,3.661965408
650,-0.781831482,-1,0.623489802,3.669296668
651,-0.770513243,-1,0.63742399,3.676642604
652,-0.758946694,-1,0.651152759,3.684003248
653,-0.747135565,-1,0.664671685,3.691378627
654,-0.73508366,-1,0.677976411,3.698768772
655,-0.722794864,-1,0.691062649,3.706173712
656,-0.710273137,-1,0.703926183,3.713593477
657,-0.697522515,-1,0.716562866,3.721028096
658,-0.684547106,-1,0.728968627,3.728477599
659,-0.671351092,-1,0.741139468,3.735942016
660,-0.657938726,-1,0.753071466,3.743421377
661,-0.64431433,-1,0.764760776,3.750915712
662,-0.630482294,-1,0.776203631,3.75842505
663,-0.616447077,-1,0.787396344,3.765949422
664,-0.6022132,-1,0.798335306,3.773488858
665,-0.587785252,-1,0.809016994,3.781043388
666,-0.573167882,-1,0.819437965,3.788613041
667,-0.558365801,-1,0.829594861,3.79619785
668,-0.543383778,-1,0.839484407,3.803797843
669,-0.528226642,-1,0.849103418,3.811413051
670,-0.512899277,-1,0.858448794,3.819043505
671,-0.497406624,-1,0.867517522,3.826689236
672,-0.481753674,-1,0.87630668,3.834350273
673,-0.465945472,-1,0.884813436,3.842026647
674,-0.449987113,-1,0.893035049,3.849718389
675,-0.433883739,-1,0.900968868,3.857425531
676,-0.41764054,-1,0.908612337,3.865148102
677,-0.40126275,-1,0.915962993,3.872886133
678,-0.384755648,-1,0.923018468,3.880639657
679,-0.368124553,-1,0.929776486,3.888408702
680,-0.351374824,-1,0.936234871,3.896193302
681,-0.33451186,-1,0.94239154,3.903993486
682,-0.317541095,-1,0.948244511,3.911809286
683,-0.300467997,-1,0.953791897,3.919640734
684,-0.28329807,-1,0.95903191,3.92748786
685,-0.266036846,-1,0.963962861,3.935350695
686,-0.248689887,-1,0.968583161,3.943229273
687,-0.231262785,-1,0.972891322,3.951123623
688,-0.213761155,-1,0.976885955,3.959033778
689,-0.196190637,-1,0.980565772,3.966959769
690,-0.178556895,-1,0.983929589,3.974901627
691,-0.16086561,-1,0.98697632,3.982859386
692,-0.143122483,-1,0.989704984,3.990833076
693,-0.125333234,-1,0.992114701,3.998822729
694,-0.107503594,-1,0.994204696,4.006828377
695,-0.089639309,-1,0.995974294,4.014850053
696,-0.071746137,-1,0.997422925,4.022887788
697,-0.053829843,-1,0.998550123,4.030941615
698,-0.035896203,-1,0.999355524,4.039011565
699,-0.017950994,-1,0.999838868,4.047097672
700,-2.26642E-15,-1,1,4.055199967
701,0.017950994,-1,0.999838868,4.063318483
702,0.035896203,-1,0.999355524,4.071453252
703,0.053829843,-1,0.998550123,4.079604306
704,0.071746137,-1,0.997422925,4.08777168
705,0.089639309,-1,0.995974294,4.095955404
706,0.107503594,1,0.994204696,4.104155512
707,0.125333234,1,0.992114701,4.112372037
708,0.143122483,1,0.989704984,4.120605011
709,0.16086561,1,0.98697632,4.128854468
710,0.178556895,1,0.983929589,4.13712044
711,0.196190637,1,0.980565772,4.145402961
712,0.213761155,1,0.976885955,4.153702063
713,0.231262785,1,0.972891322,4.16201778
714,0.248689887,1,0.968583161,4.170350145
715,0.266036846,1,0.963962861,4.178699192
716,0.28329807,1,0.95903191,4.187064953
717,0.300467997,1,0.953791897,4.195447463
718,0.317541095,1,0.948244511,4.203846754
719,0.33451186,1,0.94239154,4.212262861
720,0.351374824,1,0.936234871,4.220695817
721,0.368124553,1,0.929776486,4.229145656
722,0.384755648,1,0.923018468,4.237612411
723,0.40126275,1,0.915962993,4.246096117
724,0.41764054,1,0.908612337,4.254596807
725,0.433883739,1,0.900968868,4.263114515
726,0.449987113,1,0.893035049,4.271649276
727,0.465945472,1,0.884813436,4.280201124
728,0.481753674,1,0.87630668,4.288770092
729,0.497406624,1,0.867517522,4.297356215
730,0.512899277,1,0.858448794,4.305959528
731,0.528226642,1,0.849103418,4.314580065
732,0.543383778,1,0.839484407,4.32321786
733,0.558365801,1,0.829594861,4.331872948
734,0.573167882,1,0.819437965,4.340545363
735,0.587785252,1,0.809016994,4.349235141
736,0.6022132,1,0.798335306,4.357942316
737,0.616447077,1,0.787396344,4.366666922
738,0.630482294,1,0.776203631,4.375408995
739,0.64431433,1,0.764760776,4.38416857
740,0.657938726,1,0.753071466,4.392945681
741,0.671351092,1,0.741139468,4.401740364
742,0.684547106,1,0.728968627,4.410552654
743,0.697522515,1,0.716562866,4.419382586
744,0.710273137,1,0.703926183,4.428230196
745,0.722794864,1,0.691062649,4.437095519
746,0.73508366,1,0.677976411,4.44597859
747,0.747135565,1,0.664671685,4.454879445
748,0.758946694,1,0.651152759,4.46379812
749,0.770513243,1,0.63742399,4.47273465
750,0.781831482,1,0.623489802,4.48168907
751,0.792897766,1,0.609354686,4.490661418
752,0.803708527,1,0.595023196,4.499651728
753,0.814260281,1,0.580499952,4.508660037
754,0.824549629,1,0.565789634,4.51768638
755,0.834573254,1,0.550896981,4.526730794
756,0.844327926,1,0.535826795,4.535793315
757,0.853810501,1,0.520583931,4.54487398
758,0.863017923,1,0.505173301,4.553972823
759,0.871947226,1,0.489599872,4.563089883
760,0.880595532,1,0.473868662,4.572225195
761,0.888960053,1,0.457984742,4.581378796
762,0.897038094,1,0.44195323,4.590550723
763,0.904827052,1,0.425779292,4.599741011
764,0.912324417,1,0.40946814,4.608949699
765,0.919527773,1,0.393025032,4.618176822
766,0.926434797,1,0.376455265,4.627422418
767,0.933043265,1,0.359764181,4.636686524
768,0.939351046,1,0.342957158,4.645969177
769,0.945356108,1,0.326039611,4.655270413
770,0.951056516,1,0.309016994,4.664590271
771,0.956450433,1,0.291894792,4.673928787
772,0.96153612,1,0.274678523,4.683285999
773,0.966311938,1,0.257373734,4.692661943
774,0.970776348,1,0.239986004,4.702056659
775,0.974927912,1,0.222520934,4.711470183
776,0.978765292,1,0.204984154,4.720902552
777,0.982287251,1,0.187381315,4.730353805
778,0.985492654,1,0.169718089,4.73982398
779,0.988380467,1,0.15200017,4.749313114
780,0.990949762,1,0.134233266,4.758821245
781,0.993199709,1,0.116423104,4.768348412
782,0.995129583,1,0.098575422,4.777894651
783,0.996738762,1,0.080695974,4.787460003
784,0.998026728,1,0.06279052,4.797044504
785,0.998993067,1,0.04486483,4.806648194
786,0.999637465,1,0.026924683,4.81627111
787,0.999959716,1,0.008975858,4.825913291
788,0.999959716,1,-0.008975858,4.835574776
789,0.999637465,1,-0.026924683,4.845255603
790,0.998993067,1,-0.04486483,4.854955811
791,0.998026728,1,-0.06279052,4.864675439
792,0.996738762,1,-0.080695974,4.874414526
793,0.995129583,1,-0.098575422,4.88417311
794,0.993199709,1,-0.116423104,4.893951231
795,0.990949762,1,-0.134233266,4.903748928
796,0.988380467,1,-0.15200017,4.91356624
797,0.985492654,1,-0.169718089,4.923403206
798,0.982287251,1,-0.187381315,4.933259866
799,0.978765292,1,-0.204984154,4.943136259
800,0.974927912,1,-0.222520934,4.953032424
801,0.970776348,1,-0.239986004,4.962948402
802,0.966311938,1,-0.257373734,4.972884231
803,0.96153612,1,-0.274678523,4.982839952
804,0.956450433,1,-0.291894792,4.992815604
805,0.951056516,1,-0.309016994,5.002811228
806,0.945356108,1,-0.326039611,5.012826863
807,0.939351046,1,-0.342957158,5.022862549
808,0.933043265,1,-0.359764181,5.032918326
809,0.926434797,1,-0.376455265,5.042994235
810,0.919527773,1,-0.393025032,5.053090317
811,0.912324417,1,-0.40946814,5.06320661
812,0.904827052,1,-0.425779292,5.073343157
813,0.897038094,1,-0.44195323,5.083499996
814,0.888960053,1,-0.457984742,5.09367717
815,0.880595532,1,-0.473868662,5.103874719
816,0.871947226,-1,-0.489599872,5.114092683
817,0.863017923,-1,-0.505173301,5.124331103
818,0.853810501,-1,-0.520583931,5.134590021
819,0.844327926,-1,-0.535826795,5.144869477
820,0.834573254,-1,-0.550896981,5.155169512
821,0.824549629,-1,-0.565789634,5.165490168
822,0.814260281,-1,-0.580499952,5.175831487
823,0.803708527,-1,-0.595023196,5.186193508
824,0.792897766,-1,-0.609354686,5.196576275
825,0.781831482,-1,-0.623489802,5.206979827
826,0.770513243,-1,-0.63742399,5.217404208
827,0.758946694,-1,-0.651152759,5.227849458
828,0.747135565,-1,-0.664671685,5.23831562
829,0.73508366,-1,-0.677976411,5.248802734
830,0.722794864,-1,-0.691062649,5.259310844
831,0.710273137,-1,-0.703926183,5.269839992
832,0.697522515,-1,-0.716562866,5.280390218
833,0.684547106,-1,-0.728968627,5.290961567
834,0.671351092,-1,-0.741139468,5.301554079
835,0.657938726,-1,-0.753071466,5.312167797
836,0.64431433,-1,-0.764760776,5.322802764
837,0.630482294,-1,-0.776203631,5.333459022
838,0.616447077,-1,-0.787396344,5.344136615
839,0.6022132,-1,-0.798335306,5.354835583
840,0.587785252,-1,-0.809016994,5.365555971
841,0.573167882,-1,-0.819437965,5.376297821
842,0.558365801,-1,-0.829594861,5.387061177
843,0.543383778,-1,-0.839484407,5.39784608
844,0.528226642,-1,-0.849103418,5.408652575
845,0.512899277,-1,-0.858448794,5.419480705
846,0.497406624,-1,-0.867517522,5.430330513
847,0.481753674,-1,-0.87630668,5.441202042
848,0.465945472,-1,-0.884813436,5.452095335
849,0.449987113,-1,-0.893035049,5.463010438
850,0.433883739,-1,-0.900968868,5.473947392
851,0.41764054,-1,-0.908612337,5.484906242
852,0.40126275,-1,-0.915962993,5.495887031
853,0.384755648,-1,-0.923018468,5.506889804
854,0.368124553,-1,-0.929776486,5.517914605
855,0.351374824,-1,-0.936234871,5.528961478
856,0.33451186,-1,-0.94239154,5.540030466
857,0.317541095,-1,-0.948244511,5.551121614
858,0.300467997,-1,-0.953791897,5.562234967
859,0.28329807,-1,-0.95903191,5.573370569
860,0.266036846,-1,-0.963962861,5.584528464
861,0.248689887,-1,-0.968583161,5.595708698
862,0.231262785,-1,-0.972891322,5.606911314
863,0.213761155,-1,-0.976885955,5.618136358
864,0.196190637,-1,-0.980565772,5.629383874
865,0.178556895,-1,-0.983929589,5.640653908
866,0.16086561,-1,-0.98697632,5.651946505
867,0.143122483,-1,-0.989704984,5.66326171
868,0.125333234,-1,-0.992114701,5.674599567
869,0.107503594,-1,-0.994204696,5.685960123
870,0.089639309,-1,-0.995974294,5.697343423
871,0.071746137,-1,-0.997422925,5.708749512
872,0.053829843,-1,-0.998550123,5.720178436
873,0.035896203,-1,-0.999355524,5.731630241
874,0.017950994,-1,-0.999838868,5.743104972
875,6.12574E-16,-1,-1,5.754602676
876,-0.017950994,-1,-0.999838868,5.766123398
877,-0.035896203,-1,-0.999355524,5.777667185
878,-0.053829843,-1,-0.998550123,5.789234082
879,-0.071746137,-1,-0.997422925,5.800824137
880,-0.089639309,-1,-0.995974294,5.812437394
881,-0.107503594,-1,-0.994204696,5.824073902
882,-0.125333234,-1,-0.992114701,5.835733706
883,-0.143122483,-1,-0.989704984,5.847416852
884,-0.16086561,-1,-0.98697632,5.859123389
885,-0.178556895,-1,-0.983929589,5.870853361
886,-0.196190637,-1,-0.980565772,5.882606818
887,-0.213761155,-1,-0.976885955,5.894383804
888,-0.231262785,-1,-0.972891322,5.906184369
889,-0.248689887,-1,-0.968583161,5.918008558
890,-0.266036846,-1,-0.963962861,5.929856419
891,-0.28329807,-1,-0.95903191,5.941727999
892,-0.300467997,-1,-0.953791897,5.953623346
893,-0.317541095,-1,-0.948244511,5.965542508
894,-0.33451186,-1,-0.94239154,5.977485532
895,-0.351374824,-1,-0.936234871,5.989452466
896,-0.368124553,-1,-0.929776486,6.001443358
897,-0.384755648,-1,-0.923018468,6.013458256
898,-0.40126275,-1,-0.915962993,6.025497207
899,-0.41764054,-1,-0.908612337,6.037560261
900,-0.433883739,-1,-0.900968868,6.049647464
901,-0.449987113,-1,-0.893035049,6.061758867
902,-0.465945472,-1,-0.884813436,6.073894516
903,-0.481753674,-1,-0.87630668,6.086054461
904,-0.497406624,-1,-0.867517522,6.09823875
905,-0.512899277,-1,-0.858448794,6.110447432
906,-0.528226642,-1,-0.849103418,6.122680556
907,-0.543383778,-1,-0.839484407,6.134938171
908,-0.558365801,-1,-0.829594861,6.147220325
909,-0.573167882,-1,-0.819437965,6.159527068
910,-0.587785252,-1,-0.809016994,6.17185845
911,-0.6022132,-1,-0.798335306,6.184214519
912,-0.616447077,-1,-0.787396344,6.196595324
913,-0.630482294,-1,-0.776203631,6.209000917
914,-0.64431433,-1,-0.764760776,6.221431345
915,-0.657938726,-1,-0.753071466,6.233886659
916,-0.671351092,-1,-0.741139468,6.246366908
917,-0.684547106,-1,-0.728968627,6.258872143
918,-0.697522515,-1,-0.716562866,6.271402413
919,-0.710273137,-1,-0.703926183,6.283957769
920,-0.722794864,-1,-0.691062649,6.296538261
921,-0.73508366,-1,-0.677976411,6.309143939
922,-0.747135565,-1,-0.664671685,6.321774854
923,-0.758946694,-1,-0.651152759,6.334431055
924,-0.770513243,-1,-0.63742399,6.347112595
925,-0.781831482,-1,-0.623489802,6.359819523
926,-0.792897766,-1,-0.609354686,6.37255189
927,-0.803708527,-1,-0.595023196,6.385309747
928,-0.814260281,-1,-0.580499952,6.398093146
929,-0.824549629,-1,-0.565789634,6.410902137
930,-0.834573254,-1,-0.550896981,6.423736771
931,-0.844327926,-1,-0.535826795,6.436597101
932,-0.853810501,-1,-0.520583931,6.449483177
933,-0.863017923,-1,-0.505173301,6.462395051
934,-0.871947226,-1,-0.489599872,6.475332774
935,-0.880595532,-1,-0.473868662,6.488296399
936,-0.888960053,-1,-0.457984742,6.501285977
937,-0.897038094,-1,-0.44195323,6.514301561
938,-0.904827052,-1,-0.425779292,6.527343201
939,-0.912324417,-1,-0.40946814,6.540410951
940,-0.919527773,-1,-0.393025032,6.553504862
941,-0.926434797,1,-0.376455265,6.566624988
942,-0.933043265,1,-0.359764181,6.57977138
943,-0.939351046,1,-0.342957158,6.592944091
944,-0.945356108,1,-0.326039611,6.606143174
945,-0.951056516,1,-0.309016994,6.619368681
946,-0.956450433,1,-0.291894792,6.632620666
947,-0.96153612,1,-0.274678523,6.645899181
948,-0.966311938,1,-0.257373734,6.65920428
949,-0.970776348,1,-0.239986004,6.672536016
950,-0.974927912,1,-0.222520934,6.685894442
951,-0.978765292,1,-0.204984154,6.699279612
952,-0.982287251,1,-0.187381315,6.712691579
953,-0.985492654,1,-0.169718089,6.726130396
954,-0.988380467,1,-0.15200017,6.739596118
955,-0.990949762,1,-0.134233266,6.753088799
956,-0.993199709,1,-0.116423104,6.766608491
957,-0.995129583,1,-0.098575422,6.780155251
958,-0.996738762,1,-0.080695974,6.79372913
959,-0.998026728,1,-0.06279052,6.807330185
960,-0.998993067,1,-0.04486483,6.820958469
961,-0.999637465,1,-0.026924683,6.834614037
962,-0.999959716,1,-0.008975858,6.848296944
963,-0.999959716,1,0.008975858,6.862007243
964,-0.999637465,1,0.026924683,6.875744991
965,-0.998993067,1,0.04486483,6.889510242
966,-0.998026728,1,0.06279052,6.90330305
967,-0.996738762,1,0.080695974,6.917123472
968,-0.995129583,1,0.098575422,6.930971563
969,-0.993199709,1,0.116423104,6.944847377
970,-0.990949762,1,0.134233266,6.958750971
971,-0.988380467,1,0.15200017,6.972682399
972,-0.985492654,1,0.169718089,6.986641719
973,-0.982287251,1,0.187381315,7.000628985
974,-0.978765292,1,0.204984154,7.014644253
975,-0.974927912,1,0.222520934,7.028687581
976,-0.970776348,1,0.239986004,7.042759023
977,-0.966311938,1,0.257373734,7.056858635
978,-0.96153612,1,0.274678523,7.070986476
979,-0.956450433,1,0.291894792,7.0851426
980,-0.951056516,1,0.309016994,7.099327065
981,-0.945356108,1,0.326039611,7.113539927
982,-0.939351046,1,0.342957158,7.127781244
983,-0.933043265,1,0.359764181,7.142051071
984,-0.926434797,1,0.376455265,7.156349467
985,-0.919527773,1,0.393025032,7.170676488
986,-0.912324417,1,0.40946814,7.185032192
987,-0.904827052,1,0.425779292,7.199416636
988,-0.897038094,1,0.44195323,7.213829878
989,-0.888960053,1,0.457984742,7.228271975
990,-0.880595532,1,0.473868662,7.242742985
991,-0.871947226,1,0.489599872,7.257242966
992,-0.863017923,1,0.505173301,7.271771976
993,-0.853810501,1,0.520583931,7.286330074
994,-0.844327926,1,0.535826795,7.300917316
995,-0.834573254,1,0.550896981,7.315533762
996,-0.824549629,1,0.565789634,7.330179471
997,-0.814260281,1,0.580499952,7.3448545
998,-0.803708527,1,0.595023196,7.359558908
999,-0.792897766,1,0.609354686,7.374292755
1000,-0.781831482,1,0.623489802,7.389056099
1001,-0.770513243,1,0.63742399,7.403848999
1002,-0.758946694,1,0.651152759,7.418671515
1003,-0.747135565,1,0.664671685,7.433523705
1004,-0.73508366,1,0.677976411,7.448405629
1005,-0.722794864,1,0.691062649,7.463317347
1006,-0.710273137,1,0.703926183,7.478258919
1007,-0.697522515,1,0.716562866,7.493230403
1008,-0.684547106,1,0.728968627,7.50823186
1009,-0.671351092,1,0.741139468,7.52326335
1010,-0.657938726,1,0.753071466,7.538324934
1011,-0.64431433,1,0.764760776,7.55341667
1012,-0.630482294,1,0.776203631,7.56853862
1013,-0.616447077,1,0.787396344,7.583690845
1014,-0.6022132,1,0.798335306,7.598873404
1015,-0.587785252,1,0.809016994,7.614086359
1016,-0.573167882,1,0.819437965,7.62932977
1017,-0.558365801,1,0.829594861,7.644603698
1018,-0.543383778,1,0.839484407,7.659908205
1019,-0.528226642,1,0.849103418,7.675243351
1020,-0.512899277,1,0.858448794,7.690609199
1021,-0.497406624,1,0.867517522,7.706005809
1022,-0.481753674,1,0.87630668,7.721433243
1023,-0.465945472,1,0.884813436,7.736891562
1024,-0.449987113,1,0.893035049,7.75238083
1025,-0.433883739,1,0.900968868,7.767901106
1026,-0.41764054,1,0.908612337,7.783452455
1027,-0.40126275,1,0.915962993,7.799034937
1028,-0.384755648,1,0.923018468,7.814648615
1029,-0.368124553,1,0.929776486,7.830293552
1030,-0.351374824,1,0.936234871,7.84596981
1031,-0.33451186,1,0.94239154,7.861677452
1032,-0.317541095,1,0.948244511,7.877416541
1033,-0.300467997,1,0.953791897,7.89318714
1034,-0.28329807,1,0.95903191,7.908989311
1035,-0.266036846,1,0.963962861,7.924823118
1036,-0.248689887,1,0.968583161,7.940688624
1037,-0.231262785,1,0.972891322,7.956585894
1038,-0.213761155,1,0.976885955,7.972514989
1039,-0.196190637,1,0.980565772,7.988475975
1040,-0.178556895,1,0.983929589,8.004468914
1041,-0.16086561,1,0.98697632,8.020493872
1042,-0.143122483,1,0.989704984,8.036550911
1043,-0.125333234,1,0.992114701,8.052640097
1044,-0.107503594,1,0.994204696,8.068761493
1045,-0.089639309,1,0.995974294,8.084915164
1046,-0.071746137,1,0.997422925,8.101101175
1047,-0.053829843,1,0.998550123,8.117319591
1048,-0.035896203,1,0.999355524,8.133570475
1049,-0.017950994,1,0.999838868,8.149853894
1050,-7.35089E-16,1,1,8.166169913
1051,0.017950994,-1,0.999838868,8.182518596
1052,0.035896203,-1,0.999355524,8.198900009
1053,0.053829843,-1,0.998550123,8.215314218
1054,0.071746137,-1,0.997422925,8.231761288
1055,0.089639309,-1,0.995974294,8.248241285
1056,0.107503594,-1,0.994204696,8.264754275
1057,0.125333234,-1,0.992114701,8.281300324
1058,0.143122483,-1,0.989704984,8.297879498
1059,0.16086561,-1,0.98697632,8.314491864
1060,0.178556895,-1,0.983929589,8.331137488
1061,0.196190637,-1,0.980565772,8.347816436
1062,0.213761155,-1,0.976885955,8.364528776
1063,0.231262785,-1,0.972891322,8.381274573
1064,0.248689887,-1,0.968583161,8.398053896
1065,0.266036846,-1,0.963962861,8.414866811
1066,0.28329807,-1,0.95903191,8.431713386
1067,0.300467997,-1,0.953791897,8.448593687
1068,0.317541095,-1,0.948244511,8.465507783
1069,0.33451186,-1,0.94239154,8.482455741
1070,0.351374824,-1,0.936234871,8.499437629
1071,0.368124553,-1,0.929776486,8.516453514
1072,0.384755648,-1,0.923018468,8.533503466
1073,0.40126275,-1,0.915962993,8.550587551
1074,0.41764054,-1,0.908612337,8.567705839
1075,0.433883739,-1,0.900968868,8.584858397
1076,0.449987113,-1,0.893035049,8.602045295
1077,0.465945472,-1,0.884813436,8.619266601
1078,0.481753674,-1,0.87630668,8.636522385
1079,0.497406624,-1,0.867517522,8.653812714
1080,0.512899277,-1,0.858448794,8.671137658
1081,0.528226642,-1,0.849103418,8.688497288
1082,0.543383778,-1,0.839484407,8.705891671
1083,0.558365801,-1,0.829594861,8.723320878
1084,0.573167882,-1,0.819437965,8.740784978
1085,0.587785252,-1,0.809016994,8.758284041
1086,0.6022132,-1,0.798335306,8.775818137
1087,0.616447077,-1,0.787396344,8.793387337
1088,0.630482294,-1,0.776203631,8.81099171
1089,0.64431433,-1,0.764760776,8.828631327
1090,0.657938726,-1,0.753071466,8.846306259
1091,0.671351092,-1,0.741139468,8.864016576
1092,0.684547106,-1,0.728968627,8.881762349
1093,0.697522515,-1,0.716562866,8.899543649
1094,0.710273137,-1,0.703926183,8.917360547
1095,0.722794864,-1,0.691062649,8.935213115
1096,0.73508366,-1,0.677976411,8.953101423
1097,0.747135565,-1,0.664671685,8.971025544
1098,0.758946694,-1,0.651152759,8.988985549
1099,0.770513243,-1,0.63742399,9.00698151
1100,0.781831482,-1,0.623489802,9.025013499
1101,0.792897766,-1,0.609354686,9.043081588
1102,0.803708527,-1,0.595023196,9.06118585
1103,0.814260281,-1,0.580499952,9.079326356
1104,0.824549629,-1,0.565789634,9.09750318
1105,0.834573254,-1,0.550896981,9.115716393
1106,0.844327926,-1,0.535826795,9.133966069
1107,0.853810501,-1,0.520583931,9.152252282
1108,0.863017923,-1,0.505173301,9.170575103
1109,0.871947226,-1,0.489599872,9.188934607
1110,0.880595532,-1,0.473868662,9.207330866
1111,0.888960053,-1,0.457984742,9.225763955
1112,0.897038094,-1,0.44195323,9.244233946
1113,0.904827052,-1,0.425779292,9.262740915
1114,0.912324417,-1,0.40946814,9.281284935
1115,0.919527773,-1,0.393025032,9.299866079
1116,0.926434797,-1,0.376455265,9.318484424
1117,0.933043265,-1,0.359764181,9.337140042
1118,0.939351046,-1,0.342957158,9.355833009
1119,0.945356108,-1,0.326039611,9.374563399
1120,0.951056516,-1,0.309016994,9.393331287
1121,0.956450433,-1,0.291894792,9.412136749
1122,0.96153612,-1,0.274678523,9.43097986
1123,0.966311938,-1,0.257373734,9.449860694
1124,0.970776348,-1,0.239986004,9.468779328
1125,0.974927912,-1,0.222520934,9.487735836
1126,0.978765292,-1,0.204984154,9.506730296
1127,0.982287251,-1,0.187381315,9.525762783
1128,0.985492654,-1,0.169718089,9.544833373
1129,0.988380467,-1,0.15200017,9.563942142
1130,0.990949762,-1,0.134233266,9.583089167
1131,0.993199709,-1,0.116423104,9.602274524
1132,0.995129583,-1,0.098575422,9.62149829
1133,0.996738762,-1,0.080695974,9.640760543
1134,0.998026728,-1,0.06279052,9.660061358
1135,0.998993067,-1,0.04486483,9.679400814
1136,0.999637465,-1,0.026924683,9.698778987
1137,0.999959716,-1,0.008975858,9.718195956
1138,0.999959716,-1,-0.008975858,9.737651797
1139,0.999637465,-1,-0.026924683,9.757146589
1140,0.998993067,-1,-0.04486483,9.77668041
1141,0.998026728,-1,-0.06279052,9.796253337
1142,0.996738762,-1,-0.080695974,9.815865449
1143,0.995129583,-1,-0.098575422,9.835516825
1144,0.993199709,-1,-0.116423104,9.855207543
1145,0.990949762,-1,-0.134233266,9.874937681
1146,0.988380467,-1,-0.15200017,9.89470732
1147,0.985492654,-1,-0.169718089,9.914516537
1148,0.982287251,-1,-0.187381315,9.934365412
1149,0.978765292,-1,-0.204984154,9.954254025
1150,0.974927912,-1,-0.222520934,9.974182455
1151,0.970776348,-1,-0.239986004,9.994150781
1152,0.966311938,-1,-0.257373734,10.01415908